,precision,recall,f1-score,support
0.0,0.9952153110047847,0.9895337773549001,0.9923664122137404,1051.0
1.0,0.8735632183908046,0.9382716049382716,0.9047619047619048,81.0
accuracy,0.9858657243816255,0.9858657243816255,0.9858657243816255,0.9858657243816255
macro avg,0.9343892646977947,0.9639026911465858,0.9485641584878226,1132.0
weighted avg,0.9865105234590846,0.9858657243816255,0.9860978918042008,1132.0
