,precision,recall,f1-score,support
0.0,0.9961685823754789,0.9895337773549001,0.9928400954653936,1051.0
1.0,0.875,0.9506172839506173,0.9112426035502958,81.0
accuracy,0.9867491166077739,0.9867491166077739,0.9867491166077739,0.9867491166077739
macro avg,0.9355842911877394,0.9700755306527586,0.9520413495078448,1132.0
weighted avg,0.9874983922938413,0.9867491166077739,0.9870014056728822,1132.0
